Nome do data point,Tempo,Valor,Processado,Comentário
PLC - Height,2023/02/16 11:00:02,86.0,86.0,
PLC - Height,2023/02/16 11:00:05,87.0,87.0,
PLC - Height,2023/02/16 11:00:09,88.0,88.0,
PLC - Height,2023/02/16 11:00:12,89.0,89.0,
PLC - Height,2023/02/16 11:00:15,90.0,90.0,
PLC - Height,2023/02/16 11:00:19,91.0,91.0,
PLC - Height,2023/02/16 11:00:22,92.0,92.0,
PLC - Height,2023/02/16 11:00:25,93.0,93.0,
PLC - Height,2023/02/16 11:00:30,94.0,94.0,
PLC - Height,2023/02/16 11:00:34,95.0,95.0,
PLC - Height,2023/02/16 11:00:37,96.0,96.0,
PLC - Height,2023/02/16 11:00:41,97.0,97.0,
PLC - Height,2023/02/16 11:00:46,98.0,98.0,
PLC - Height,2023/02/16 11:00:50,99.0,99.0,
PLC - Height,2023/02/16 11:00:54,100.0,100.0,
PLC - Height,2023/02/16 11:00:59,99.0,99.0,
PLC - Height,2023/02/16 11:01:04,98.0,98.0,
PLC - Height,2023/02/16 11:01:08,97.0,97.0,
PLC - Height,2023/02/16 11:01:13,96.0,96.0,
PLC - Height,2023/02/16 11:01:17,95.0,95.0,
PLC - Height,2023/02/16 11:01:23,94.0,94.0,
PLC - Height,2023/02/16 11:01:26,93.0,93.0,
PLC - Height,2023/02/16 11:01:32,92.0,92.0,
PLC - Height,2023/02/16 11:01:36,91.0,91.0,
PLC - Height,2023/02/16 11:01:40,90.0,90.0,
PLC - Height,2023/02/16 11:01:47,89.0,89.0,
PLC - Height,2023/02/16 11:01:49,88.0,88.0,
PLC - Height,2023/02/16 11:01:55,87.0,87.0,
PLC - Height,2023/02/16 11:01:59,86.0,86.0,
PLC - Height,2023/02/16 11:02:03,85.0,85.0,
PLC - Height,2023/02/16 11:02:07,84.0,84.0,
PLC - Height,2023/02/16 11:02:11,83.0,83.0,
PLC - Height,2023/02/16 11:02:14,82.0,82.0,
PLC - Height,2023/02/16 11:02:18,81.0,81.0,
PLC - Height,2023/02/16 11:02:21,80.0,80.0,
PLC - Height,2023/02/16 11:02:25,81.0,81.0,
PLC - Height,2023/02/16 11:02:28,82.0,82.0,
PLC - Height,2023/02/16 11:02:31,83.0,83.0,
PLC - Height,2023/02/16 11:02:34,84.0,84.0,
PLC - Height,2023/02/16 11:02:37,85.0,85.0,
PLC - Height,2023/02/16 11:02:40,86.0,86.0,
PLC - Height,2023/02/16 11:02:43,87.0,87.0,
PLC - Height,2023/02/16 11:02:46,88.0,88.0,
PLC - Height,2023/02/16 11:02:48,89.0,89.0,
PLC - Height,2023/02/16 11:02:51,90.0,90.0,
PLC - Height,2023/02/16 11:02:53,91.0,91.0,
PLC - Height,2023/02/16 11:02:56,92.0,92.0,
PLC - Height,2023/02/16 11:02:58,93.0,93.0,
PLC - Height,2023/02/16 11:03:00,94.0,94.0,
PLC - Height,2023/02/16 11:03:03,95.0,95.0,
PLC - Height,2023/02/16 11:03:06,96.0,96.0,
PLC - Height,2023/02/16 11:03:08,97.0,97.0,
PLC - Height,2023/02/16 11:03:11,98.0,98.0,
PLC - Height,2023/02/16 11:03:13,99.0,99.0,
PLC - Height,2023/02/16 11:03:16,100.0,100.0,
PLC - Height,2023/02/16 11:03:18,99.0,99.0,
PLC - Height,2023/02/16 11:03:21,98.0,98.0,
PLC - Height,2023/02/16 11:03:23,97.0,97.0,
PLC - Height,2023/02/16 11:03:26,96.0,96.0,
PLC - Height,2023/02/16 11:03:29,95.0,95.0,
PLC - Height,2023/02/16 11:03:32,94.0,94.0,
PLC - Height,2023/02/16 11:03:35,93.0,93.0,
PLC - Height,2023/02/16 11:03:38,92.0,92.0,
PLC - Height,2023/02/16 11:03:41,91.0,91.0,
PLC - Height,2023/02/16 11:03:45,90.0,90.0,
PLC - Height,2023/02/16 11:03:47,89.0,89.0,
PLC - Height,2023/02/16 11:03:52,88.0,88.0,
PLC - Height,2023/02/16 11:03:58,87.0,87.0,
PLC - Height,2023/02/16 11:03:59,86.0,86.0,
PLC - Height,2023/02/16 11:04:03,85.0,85.0,
PLC - Height,2023/02/16 11:04:06,84.0,84.0,
PLC - Height,2023/02/16 11:04:10,83.0,83.0,
PLC - Height,2023/02/16 11:04:14,82.0,82.0,
PLC - Height,2023/02/16 11:04:16,81.0,81.0,
PLC - Height,2023/02/16 11:04:20,80.0,80.0,
PLC - Height,2023/02/16 11:04:22,81.0,81.0,
PLC - Height,2023/02/16 11:04:26,82.0,82.0,
PLC - Height,2023/02/16 11:04:30,83.0,83.0,
PLC - Height,2023/02/16 11:04:32,84.0,84.0,
PLC - Height,2023/02/16 11:04:35,85.0,85.0,
PLC - Height,2023/02/16 11:04:38,86.0,86.0,
PLC - Height,2023/02/16 11:04:40,87.0,87.0,
PLC - Height,2023/02/16 11:04:43,88.0,88.0,
PLC - Height,2023/02/16 11:04:45,89.0,89.0,
PLC - Height,2023/02/16 11:04:48,90.0,90.0,
PLC - Height,2023/02/16 11:04:50,91.0,91.0,
PLC - Height,2023/02/16 11:04:52,92.0,92.0,
PLC - Height,2023/02/16 11:04:55,93.0,93.0,
PLC - Height,2023/02/16 11:04:57,94.0,94.0,
PLC - Height,2023/02/16 11:04:59,95.0,95.0,
PLC - Height,2023/02/16 11:05:01,96.0,96.0,
PLC - Height,2023/02/16 11:05:03,97.0,97.0,
PLC - Height,2023/02/16 11:05:05,98.0,98.0,
PLC - Height,2023/02/16 11:05:08,99.0,99.0,
PLC - Height,2023/02/16 11:05:10,100.0,100.0,
PLC - Height,2023/02/16 11:05:12,99.0,99.0,
PLC - Height,2023/02/16 11:05:15,98.0,98.0,
PLC - Height,2023/02/16 11:05:17,97.0,97.0,
PLC - Height,2023/02/16 11:05:20,96.0,96.0,
PLC - Height,2023/02/16 11:05:23,95.0,95.0,
PLC - Height,2023/02/16 11:05:25,94.0,94.0,
PLC - Height,2023/02/16 11:05:28,93.0,93.0,
PLC - Height,2023/02/16 11:05:31,92.0,92.0,
PLC - Height,2023/02/16 11:05:34,91.0,91.0,
PLC - Height,2023/02/16 11:05:37,90.0,90.0,
PLC - Height,2023/02/16 11:05:40,89.0,89.0,
PLC - Height,2023/02/16 11:05:43,88.0,88.0,
PLC - Height,2023/02/16 11:05:47,87.0,87.0,
PLC - Height,2023/02/16 11:05:50,86.0,86.0,
PLC - Height,2023/02/16 11:05:54,85.0,85.0,
PLC - Height,2023/02/16 11:05:57,84.0,84.0,
PLC - Height,2023/02/16 11:06:01,83.0,83.0,
PLC - Height,2023/02/16 11:06:05,82.0,82.0,
PLC - Height,2023/02/16 11:06:10,81.0,81.0,
PLC - Height,2023/02/16 11:06:13,80.0,80.0,
PLC - Height,2023/02/16 11:06:17,81.0,81.0,
PLC - Height,2023/02/16 11:06:21,82.0,82.0,
PLC - Height,2023/02/16 11:06:26,83.0,83.0,
PLC - Height,2023/02/16 11:06:30,84.0,84.0,
PLC - Height,2023/02/16 11:06:35,85.0,85.0,
PLC - Height,2023/02/16 11:06:39,86.0,86.0,
PLC - Height,2023/02/16 11:06:44,87.0,87.0,
PLC - Height,2023/02/16 11:06:48,88.0,88.0,
PLC - Height,2023/02/16 11:06:53,89.0,89.0,
PLC - Height,2023/02/16 11:06:57,90.0,90.0,
PLC - Height,2023/02/16 11:07:02,91.0,91.0,
PLC - Height,2023/02/16 11:07:06,92.0,92.0,
PLC - Height,2023/02/16 11:07:11,93.0,93.0,
PLC - Height,2023/02/16 11:07:15,94.0,94.0,
PLC - Height,2023/02/16 11:07:19,95.0,95.0,
PLC - Height,2023/02/16 11:07:23,96.0,96.0,
PLC - Height,2023/02/16 11:07:26,97.0,97.0,
PLC - Height,2023/02/16 11:07:31,98.0,98.0,
PLC - Height,2023/02/16 11:07:34,99.0,99.0,
PLC - Height,2023/02/16 11:07:37,100.0,100.0,
PLC - Height,2023/02/16 11:07:41,99.0,99.0,
PLC - Height,2023/02/16 11:07:45,98.0,98.0,
PLC - Height,2023/02/16 11:07:48,97.0,97.0,
PLC - Height,2023/02/16 11:07:51,96.0,96.0,
PLC - Height,2023/02/16 11:07:54,95.0,95.0,
PLC - Height,2023/02/16 11:07:57,94.0,94.0,
PLC - Height,2023/02/16 11:08:02,92.0,92.0,
PLC - Height,2023/02/16 11:08:05,91.0,91.0,
PLC - Height,2023/02/16 11:08:08,90.0,90.0,
PLC - Height,2023/02/16 11:08:10,89.0,89.0,
PLC - Height,2023/02/16 11:08:13,88.0,88.0,
PLC - Height,2023/02/16 11:08:15,87.0,87.0,
PLC - Height,2023/02/16 11:08:17,86.0,86.0,
PLC - Height,2023/02/16 11:08:20,85.0,85.0,
PLC - Height,2023/02/16 11:08:22,84.0,84.0,
PLC - Height,2023/02/16 11:08:24,83.0,83.0,
PLC - Height,2023/02/16 11:08:26,82.0,82.0,
PLC - Height,2023/02/16 11:08:28,81.0,81.0,
PLC - Height,2023/02/16 11:08:30,80.0,80.0,
PLC - Height,2023/02/16 11:08:32,81.0,81.0,
PLC - Height,2023/02/16 11:08:34,82.0,82.0,
PLC - Height,2023/02/16 11:08:36,83.0,83.0,
PLC - Height,2023/02/16 11:08:38,84.0,84.0,
PLC - Height,2023/02/16 11:08:41,85.0,85.0,
PLC - Height,2023/02/16 11:08:43,86.0,86.0,
PLC - Height,2023/02/16 11:08:45,87.0,87.0,
PLC - Height,2023/02/16 11:08:48,88.0,88.0,
PLC - Height,2023/02/16 11:08:51,89.0,89.0,
PLC - Height,2023/02/16 11:08:53,90.0,90.0,
PLC - Height,2023/02/16 11:08:56,91.0,91.0,
PLC - Height,2023/02/16 11:08:59,92.0,92.0,
PLC - Height,2023/02/16 11:09:01,93.0,93.0,
PLC - Height,2023/02/16 11:09:05,94.0,94.0,
PLC - Height,2023/02/16 11:09:08,95.0,95.0,
PLC - Height,2023/02/16 11:09:11,96.0,96.0,
PLC - Height,2023/02/16 11:09:14,97.0,97.0,
PLC - Height,2023/02/16 11:09:17,98.0,98.0,
PLC - Height,2023/02/16 11:09:21,99.0,99.0,
PLC - Height,2023/02/16 11:09:24,100.0,100.0,
PLC - Height,2023/02/16 11:09:28,99.0,99.0,
PLC - Height,2023/02/16 11:09:32,97.0,97.0,
PLC - Height,2023/02/16 11:09:39,96.0,96.0,
PLC - Height,2023/02/16 11:09:44,95.0,95.0,
PLC - Height,2023/02/16 11:09:48,94.0,94.0,
PLC - Height,2023/02/16 11:09:52,93.0,93.0,
PLC - Height,2023/02/16 11:09:56,92.0,92.0,
PLC - Height,2023/02/16 11:09:59,91.0,91.0,
PLC - Height,2023/02/16 11:10:03,90.0,90.0,
PLC - Height,2023/02/16 11:10:07,89.0,89.0,
PLC - Height,2023/02/16 11:10:10,88.0,88.0,
PLC - Height,2023/02/16 11:10:13,87.0,87.0,
PLC - Height,2023/02/16 11:10:17,86.0,86.0,
PLC - Height,2023/02/16 11:10:21,85.0,85.0,
PLC - Height,2023/02/16 11:10:23,84.0,84.0,
PLC - Height,2023/02/16 11:10:26,83.0,83.0,
PLC - Height,2023/02/16 11:10:28,82.0,82.0,
PLC - Height,2023/02/16 11:10:31,81.0,81.0,
PLC - Height,2023/02/16 11:10:34,80.0,80.0,
PLC - Height,2023/02/16 11:10:36,81.0,81.0,
PLC - Height,2023/02/16 11:10:39,82.0,82.0,
PLC - Height,2023/02/16 11:10:42,83.0,83.0,
PLC - Height,2023/02/16 11:10:43,84.0,84.0,
PLC - Height,2023/02/16 11:10:46,85.0,85.0,
PLC - Height,2023/02/16 11:10:48,86.0,86.0,
PLC - Height,2023/02/16 11:10:50,87.0,87.0,
PLC - Height,2023/02/16 11:10:53,88.0,88.0,
PLC - Height,2023/02/16 11:10:55,89.0,89.0,
PLC - Height,2023/02/16 11:11:00,91.0,91.0,
PLC - Height,2023/02/16 11:11:03,92.0,92.0,
PLC - Height,2023/02/16 11:11:05,93.0,93.0,
PLC - Height,2023/02/16 11:11:08,94.0,94.0,
PLC - Height,2023/02/16 11:11:11,95.0,95.0,
PLC - Height,2023/02/16 11:11:14,96.0,96.0,
PLC - Height,2023/02/16 11:11:17,97.0,97.0,
PLC - Height,2023/02/16 11:11:20,98.0,98.0,
PLC - Height,2023/02/16 11:11:23,99.0,99.0,
PLC - Height,2023/02/16 11:11:26,100.0,100.0,
PLC - Height,2023/02/16 11:11:29,99.0,99.0,
PLC - Height,2023/02/16 11:11:33,98.0,98.0,
PLC - Height,2023/02/16 11:11:36,97.0,97.0,
PLC - Height,2023/02/16 11:11:40,96.0,96.0,
PLC - Height,2023/02/16 11:11:43,95.0,95.0,
PLC - Height,2023/02/16 11:11:46,94.0,94.0,
PLC - Height,2023/02/16 11:11:49,93.0,93.0,
PLC - Height,2023/02/16 11:11:54,92.0,92.0,
PLC - Height,2023/02/16 11:11:56,91.0,91.0,
PLC - Height,2023/02/16 11:11:59,90.0,90.0,
PLC - Height,2023/02/16 11:12:02,89.0,89.0,
PLC - Height,2023/02/16 11:12:04,88.0,88.0,
PLC - Height,2023/02/16 11:12:07,87.0,87.0,
PLC - Height,2023/02/16 11:12:10,86.0,86.0,
PLC - Height,2023/02/16 11:12:12,85.0,85.0,
PLC - Height,2023/02/16 11:12:14,84.0,84.0,
PLC - Height,2023/02/16 11:12:16,83.0,83.0,
PLC - Height,2023/02/16 11:12:18,82.0,82.0,
PLC - Height,2023/02/16 11:12:21,81.0,81.0,
PLC - Height,2023/02/16 11:12:23,80.0,80.0,
PLC - Height,2023/02/16 11:12:25,81.0,81.0,
PLC - Height,2023/02/16 11:12:27,82.0,82.0,
PLC - Height,2023/02/16 11:12:29,83.0,83.0,
PLC - Height,2023/02/16 11:12:31,84.0,84.0,
PLC - Height,2023/02/16 11:12:33,85.0,85.0,
PLC - Height,2023/02/16 11:12:35,86.0,86.0,
PLC - Height,2023/02/16 11:12:37,87.0,87.0,
PLC - Height,2023/02/16 11:12:38,88.0,88.0,
PLC - Height,2023/02/16 11:12:41,89.0,89.0,
PLC - Height,2023/02/16 11:12:44,90.0,90.0,
PLC - Height,2023/02/16 11:12:47,91.0,91.0,
PLC - Height,2023/02/16 11:12:50,92.0,92.0,
PLC - Height,2023/02/16 11:12:53,93.0,93.0,
PLC - Height,2023/02/16 11:12:57,94.0,94.0,
PLC - Height,2023/02/16 11:13:00,95.0,95.0,
PLC - Height,2023/02/16 11:13:03,96.0,96.0,
PLC - Height,2023/02/16 11:13:07,97.0,97.0,
PLC - Height,2023/02/16 11:13:11,98.0,98.0,
PLC - Height,2023/02/16 11:13:15,99.0,99.0,
PLC - Height,2023/02/16 11:13:19,100.0,100.0,
PLC - Height,2023/02/16 11:13:22,99.0,99.0,
PLC - Height,2023/02/16 11:13:26,98.0,98.0,
PLC - Height,2023/02/16 11:13:31,97.0,97.0,
PLC - Height,2023/02/16 11:13:35,96.0,96.0,
PLC - Height,2023/02/16 11:13:40,95.0,95.0,
PLC - Height,2023/02/16 11:13:44,94.0,94.0,
PLC - Height,2023/02/16 11:13:48,93.0,93.0,
PLC - Height,2023/02/16 11:13:52,92.0,92.0,
PLC - Height,2023/02/16 11:13:57,91.0,91.0,
PLC - Height,2023/02/16 11:14:01,90.0,90.0,
PLC - Height,2023/02/16 11:14:05,89.0,89.0,
PLC - Height,2023/02/16 11:14:10,88.0,88.0,
PLC - Height,2023/02/16 11:14:13,87.0,87.0,
PLC - Height,2023/02/16 11:14:16,86.0,86.0,
PLC - Height,2023/02/16 11:14:21,85.0,85.0,
PLC - Height,2023/02/16 11:14:24,84.0,84.0,
PLC - Height,2023/02/16 11:14:27,83.0,83.0,
PLC - Height,2023/02/16 11:14:30,82.0,82.0,
PLC - Height,2023/02/16 11:14:34,81.0,81.0,
PLC - Height,2023/02/16 11:14:37,80.0,80.0,
PLC - Height,2023/02/16 11:14:38,81.0,81.0,
PLC - Height,2023/02/16 11:14:42,82.0,82.0,
PLC - Height,2023/02/16 11:14:45,83.0,83.0,
PLC - Height,2023/02/16 11:14:48,84.0,84.0,
PLC - Height,2023/02/16 11:14:50,85.0,85.0,
PLC - Height,2023/02/16 11:14:53,86.0,86.0,
PLC - Height,2023/02/16 11:14:55,87.0,87.0,
PLC - Height,2023/02/16 11:14:57,88.0,88.0,
PLC - Height,2023/02/16 11:15:00,89.0,89.0,
PLC - Height,2023/02/16 11:15:02,90.0,90.0,
PLC - Height,2023/02/16 11:15:04,91.0,91.0,
PLC - Height,2023/02/16 11:15:06,92.0,92.0,
PLC - Height,2023/02/16 11:15:08,93.0,93.0,
PLC - Height,2023/02/16 11:15:10,94.0,94.0,
PLC - Height,2023/02/16 11:15:12,95.0,95.0,
PLC - Height,2023/02/16 11:15:14,96.0,96.0,
PLC - Height,2023/02/16 11:15:16,97.0,97.0,
PLC - Height,2023/02/16 11:15:17,98.0,98.0,
PLC - Height,2023/02/16 11:15:19,99.0,99.0,
PLC - Height,2023/02/16 11:15:21,100.0,100.0,
PLC - Height,2023/02/16 11:15:22,99.0,99.0,
PLC - Height,2023/02/16 11:15:24,98.0,98.0,
PLC - Height,2023/02/16 11:15:25,97.0,97.0,
PLC - Height,2023/02/16 11:15:27,96.0,96.0,
PLC - Height,2023/02/16 11:15:28,95.0,95.0,
PLC - Height,2023/02/16 11:15:30,94.0,94.0,
PLC - Height,2023/02/16 11:15:32,93.0,93.0,
PLC - Height,2023/02/16 11:15:33,92.0,92.0,
PLC - Height,2023/02/16 11:15:35,91.0,91.0,
PLC - Height,2023/02/16 11:15:37,90.0,90.0,
PLC - Height,2023/02/16 11:15:39,89.0,89.0,
PLC - Height,2023/02/16 11:15:40,88.0,88.0,
PLC - Height,2023/02/16 11:15:43,87.0,87.0,
PLC - Height,2023/02/16 11:15:45,86.0,86.0,
PLC - Height,2023/02/16 11:15:47,85.0,85.0,
PLC - Height,2023/02/16 11:15:49,84.0,84.0,
PLC - Height,2023/02/16 11:15:51,83.0,83.0,
PLC - Height,2023/02/16 11:15:53,82.0,82.0,
PLC - Height,2023/02/16 11:15:55,81.0,81.0,
PLC - Height,2023/02/16 11:15:58,80.0,80.0,
PLC - Height,2023/02/16 11:16:00,81.0,81.0,
PLC - Height,2023/02/16 11:16:03,82.0,82.0,
PLC - Height,2023/02/16 11:16:05,83.0,83.0,
PLC - Height,2023/02/16 11:16:07,84.0,84.0,
PLC - Height,2023/02/16 11:16:11,85.0,85.0,
PLC - Height,2023/02/16 11:16:14,86.0,86.0,
PLC - Height,2023/02/16 11:16:15,87.0,87.0,
PLC - Height,2023/02/16 11:16:19,88.0,88.0,
PLC - Height,2023/02/16 11:16:23,89.0,89.0,
PLC - Height,2023/02/16 11:16:24,90.0,90.0,
PLC - Height,2023/02/16 11:16:29,91.0,91.0,
PLC - Height,2023/02/16 11:16:32,92.0,92.0,
PLC - Height,2023/02/16 11:16:36,93.0,93.0,
PLC - Height,2023/02/16 11:16:39,94.0,94.0,
PLC - Height,2023/02/16 11:16:43,95.0,95.0,
PLC - Height,2023/02/16 11:16:47,96.0,96.0,
PLC - Height,2023/02/16 11:16:51,97.0,97.0,
PLC - Height,2023/02/16 11:16:54,98.0,98.0,
PLC - Height,2023/02/16 11:16:59,99.0,99.0,
PLC - Height,2023/02/16 11:17:03,100.0,100.0,
PLC - Height,2023/02/16 11:17:07,99.0,99.0,
PLC - Height,2023/02/16 11:17:11,98.0,98.0,
PLC - Height,2023/02/16 11:17:16,97.0,97.0,
PLC - Height,2023/02/16 11:17:21,96.0,96.0,
PLC - Height,2023/02/16 11:17:25,95.0,95.0,
PLC - Height,2023/02/16 11:17:29,94.0,94.0,
PLC - Height,2023/02/16 11:17:34,93.0,93.0,
PLC - Height,2023/02/16 11:17:38,92.0,92.0,
PLC - Height,2023/02/16 11:17:43,91.0,91.0,
PLC - Height,2023/02/16 11:17:47,90.0,90.0,
PLC - Height,2023/02/16 11:17:52,89.0,89.0,
PLC - Height,2023/02/16 11:17:56,88.0,88.0,
PLC - Height,2023/02/16 11:18:01,87.0,87.0,
PLC - Height,2023/02/16 11:18:05,86.0,86.0,
PLC - Height,2023/02/16 11:18:10,85.0,85.0,
PLC - Height,2023/02/16 11:18:14,84.0,84.0,
PLC - Height,2023/02/16 11:18:18,83.0,83.0,
PLC - Height,2023/02/16 11:18:23,82.0,82.0,
PLC - Height,2023/02/16 11:18:28,81.0,81.0,
PLC - Height,2023/02/16 11:18:31,80.0,80.0,
PLC - Height,2023/02/16 11:18:36,81.0,81.0,
PLC - Height,2023/02/16 11:18:40,82.0,82.0,
PLC - Height,2023/02/16 11:18:43,83.0,83.0,
PLC - Height,2023/02/16 11:18:47,84.0,84.0,
PLC - Height,2023/02/16 11:18:51,85.0,85.0,
PLC - Height,2023/02/16 11:18:54,86.0,86.0,
PLC - Height,2023/02/16 11:18:58,87.0,87.0,
PLC - Height,2023/02/16 11:19:01,88.0,88.0,
PLC - Height,2023/02/16 11:19:04,89.0,89.0,
PLC - Height,2023/02/16 11:19:07,90.0,90.0,
PLC - Height,2023/02/16 11:19:10,91.0,91.0,
PLC - Height,2023/02/16 11:19:13,92.0,92.0,
PLC - Height,2023/02/16 11:19:15,93.0,93.0,
PLC - Height,2023/02/16 11:19:18,94.0,94.0,
PLC - Height,2023/02/16 11:19:21,95.0,95.0,
PLC - Height,2023/02/16 11:19:23,96.0,96.0,
PLC - Height,2023/02/16 11:19:26,97.0,97.0,
PLC - Height,2023/02/16 11:19:28,98.0,98.0,
PLC - Height,2023/02/16 11:19:30,99.0,99.0,
PLC - Height,2023/02/16 11:19:32,100.0,100.0,
PLC - Height,2023/02/16 11:19:35,99.0,99.0,
PLC - Height,2023/02/16 11:19:37,98.0,98.0,
PLC - Height,2023/02/16 11:19:39,97.0,97.0,
PLC - Height,2023/02/16 11:19:42,96.0,96.0,
PLC - Height,2023/02/16 11:19:44,95.0,95.0,
PLC - Height,2023/02/16 11:19:46,94.0,94.0,
PLC - Height,2023/02/16 11:19:49,93.0,93.0,
PLC - Height,2023/02/16 11:19:52,92.0,92.0,
PLC - Height,2023/02/16 11:19:54,91.0,91.0,
PLC - Height,2023/02/16 11:19:57,90.0,90.0,
PLC - Height,2023/02/16 11:20:00,89.0,89.0,
PLC - Height,2023/02/16 11:20:03,88.0,88.0,
PLC - Height,2023/02/16 11:20:06,87.0,87.0,
PLC - Height,2023/02/16 11:20:09,86.0,86.0,
PLC - Height,2023/02/16 11:20:13,85.0,85.0,
PLC - Height,2023/02/16 11:20:16,84.0,84.0,
PLC - Height,2023/02/16 11:20:19,83.0,83.0,
PLC - Height,2023/02/16 11:20:22,82.0,82.0,
PLC - Height,2023/02/16 11:20:27,81.0,81.0,
PLC - Height,2023/02/16 11:20:30,80.0,80.0,
PLC - Height,2023/02/16 11:20:34,81.0,81.0,
PLC - Height,2023/02/16 11:20:37,82.0,82.0,
PLC - Height,2023/02/16 11:20:41,83.0,83.0,
PLC - Height,2023/02/16 11:20:45,84.0,84.0,
PLC - Height,2023/02/16 11:20:48,85.0,85.0,
PLC - Height,2023/02/16 11:20:51,86.0,86.0,
PLC - Height,2023/02/16 11:20:54,87.0,87.0,
PLC - Height,2023/02/16 11:20:58,88.0,88.0,
PLC - Height,2023/02/16 11:21:00,89.0,89.0,
PLC - Height,2023/02/16 11:21:03,90.0,90.0,
PLC - Height,2023/02/16 11:21:06,91.0,91.0,
PLC - Height,2023/02/16 11:21:09,92.0,92.0,
PLC - Height,2023/02/16 11:21:11,93.0,93.0,
PLC - Height,2023/02/16 11:21:14,94.0,94.0,
PLC - Height,2023/02/16 11:21:16,95.0,95.0,
PLC - Height,2023/02/16 11:21:19,96.0,96.0,
PLC - Height,2023/02/16 11:21:21,97.0,97.0,
PLC - Height,2023/02/16 11:21:23,98.0,98.0,
PLC - Height,2023/02/16 11:21:25,99.0,99.0,
PLC - Height,2023/02/16 11:21:27,100.0,100.0,
PLC - Height,2023/02/16 11:21:30,99.0,99.0,
PLC - Height,2023/02/16 11:21:32,98.0,98.0,
PLC - Height,2023/02/16 11:21:34,97.0,97.0,
PLC - Height,2023/02/16 11:21:36,96.0,96.0,
PLC - Height,2023/02/16 11:21:38,95.0,95.0,
PLC - Height,2023/02/16 11:21:41,94.0,94.0,
PLC - Height,2023/02/16 11:21:43,93.0,93.0,
PLC - Height,2023/02/16 11:21:46,92.0,92.0,
PLC - Height,2023/02/16 11:21:48,91.0,91.0,
PLC - Height,2023/02/16 11:21:51,90.0,90.0,
PLC - Height,2023/02/16 11:21:54,89.0,89.0,
PLC - Height,2023/02/16 11:21:56,88.0,88.0,
PLC - Height,2023/02/16 11:21:59,87.0,87.0,
PLC - Height,2023/02/16 11:22:02,86.0,86.0,
PLC - Height,2023/02/16 11:22:05,85.0,85.0,
PLC - Height,2023/02/16 11:22:08,84.0,84.0,
PLC - Height,2023/02/16 11:22:12,83.0,83.0,
PLC - Height,2023/02/16 11:22:15,82.0,82.0,
PLC - Height,2023/02/16 11:22:18,81.0,81.0,
PLC - Height,2023/02/16 11:22:22,80.0,80.0,
PLC - Height,2023/02/16 11:22:25,81.0,81.0,
PLC - Height,2023/02/16 11:22:29,82.0,82.0,
PLC - Height,2023/02/16 11:22:33,83.0,83.0,
PLC - Height,2023/02/16 11:22:37,84.0,84.0,
PLC - Height,2023/02/16 11:22:41,85.0,85.0,
PLC - Height,2023/02/16 11:22:44,86.0,86.0,
PLC - Height,2023/02/16 11:22:48,87.0,87.0,
PLC - Height,2023/02/16 11:22:52,88.0,88.0,
PLC - Height,2023/02/16 11:22:55,89.0,89.0,
PLC - Height,2023/02/16 11:22:58,90.0,90.0,
PLC - Height,2023/02/16 11:23:02,91.0,91.0,
PLC - Height,2023/02/16 11:23:05,92.0,92.0,
PLC - Height,2023/02/16 11:23:08,93.0,93.0,
PLC - Height,2023/02/16 11:23:10,94.0,94.0,
PLC - Height,2023/02/16 11:23:13,95.0,95.0,
PLC - Height,2023/02/16 11:23:15,96.0,96.0,
PLC - Height,2023/02/16 11:23:21,100.0,100.0,
PLC - Height,2023/02/16 11:23:28,99.0,99.0,
PLC - Height,2023/02/16 11:23:30,98.0,98.0,
PLC - Height,2023/02/16 11:23:32,97.0,97.0,
PLC - Height,2023/02/16 11:23:35,96.0,96.0,
PLC - Height,2023/02/16 11:23:37,95.0,95.0,
PLC - Height,2023/02/16 11:23:39,94.0,94.0,
PLC - Height,2023/02/16 11:23:42,92.0,92.0,
PLC - Height,2023/02/16 11:23:44,91.0,91.0,
PLC - Height,2023/02/16 11:23:49,90.0,90.0,
PLC - Height,2023/02/16 11:23:51,89.0,89.0,
PLC - Height,2023/02/16 11:23:55,88.0,88.0,
PLC - Height,2023/02/16 11:23:58,87.0,87.0,
PLC - Height,2023/02/16 11:24:00,86.0,86.0,
PLC - Height,2023/02/16 11:24:04,85.0,85.0,
PLC - Height,2023/02/16 11:24:06,84.0,84.0,
PLC - Height,2023/02/16 11:24:09,83.0,83.0,
PLC - Height,2023/02/16 11:24:11,82.0,82.0,
PLC - Height,2023/02/16 11:24:13,81.0,81.0,
PLC - Height,2023/02/16 11:24:16,80.0,80.0,
PLC - Height,2023/02/16 11:24:18,81.0,81.0,
PLC - Height,2023/02/16 11:24:20,82.0,82.0,
PLC - Height,2023/02/16 11:24:22,83.0,83.0,
PLC - Height,2023/02/16 11:24:24,84.0,84.0,
PLC - Height,2023/02/16 11:24:26,85.0,85.0,
PLC - Height,2023/02/16 11:24:28,86.0,86.0,
PLC - Height,2023/02/16 11:24:30,87.0,87.0,
PLC - Height,2023/02/16 11:24:32,88.0,88.0,
PLC - Height,2023/02/16 11:24:33,89.0,89.0,
PLC - Height,2023/02/16 11:24:35,90.0,90.0,
PLC - Height,2023/02/16 11:24:37,91.0,91.0,
PLC - Height,2023/02/16 11:24:39,92.0,92.0,
PLC - Height,2023/02/16 11:24:41,93.0,93.0,
PLC - Height,2023/02/16 11:24:43,94.0,94.0,
PLC - Height,2023/02/16 11:24:45,95.0,95.0,
PLC - Height,2023/02/16 11:24:48,96.0,96.0,
PLC - Height,2023/02/16 11:24:50,97.0,97.0,
PLC - Height,2023/02/16 11:24:53,98.0,98.0,
PLC - Height,2023/02/16 11:24:55,99.0,99.0,
PLC - Height,2023/02/16 11:24:57,100.0,100.0,
PLC - Height,2023/02/16 11:25:00,99.0,99.0,
PLC - Height,2023/02/16 11:25:02,98.0,98.0,
PLC - Height,2023/02/16 11:25:05,97.0,97.0,
PLC - Height,2023/02/16 11:25:08,96.0,96.0,
PLC - Height,2023/02/16 11:25:11,95.0,95.0,
PLC - Height,2023/02/16 11:25:14,94.0,94.0,
PLC - Height,2023/02/16 11:25:17,93.0,93.0,
PLC - Height,2023/02/16 11:25:20,92.0,92.0,
PLC - Height,2023/02/16 11:25:23,91.0,91.0,
PLC - Height,2023/02/16 11:25:26,90.0,90.0,
PLC - Height,2023/02/16 11:25:30,89.0,89.0,
PLC - Height,2023/02/16 11:25:33,88.0,88.0,
PLC - Height,2023/02/16 11:25:37,87.0,87.0,
PLC - Height,2023/02/16 11:25:40,86.0,86.0,
PLC - Height,2023/02/16 11:25:44,85.0,85.0,
PLC - Height,2023/02/16 11:25:48,84.0,84.0,
PLC - Height,2023/02/16 11:25:50,83.0,83.0,
PLC - Height,2023/02/16 11:25:55,82.0,82.0,
PLC - Height,2023/02/16 11:26:01,81.0,81.0,
PLC - Height,2023/02/16 11:26:05,80.0,80.0,
PLC - Height,2023/02/16 11:26:08,81.0,81.0,
PLC - Height,2023/02/16 11:26:12,82.0,82.0,
PLC - Height,2023/02/16 11:26:16,83.0,83.0,
PLC - Height,2023/02/16 11:26:19,84.0,84.0,
PLC - Height,2023/02/16 11:26:22,85.0,85.0,
PLC - Height,2023/02/16 11:26:26,86.0,86.0,
PLC - Height,2023/02/16 11:26:29,87.0,87.0,
PLC - Height,2023/02/16 11:26:32,88.0,88.0,
PLC - Height,2023/02/16 11:26:35,89.0,89.0,
PLC - Height,2023/02/16 11:26:38,90.0,90.0,
PLC - Height,2023/02/16 11:26:41,91.0,91.0,
PLC - Height,2023/02/16 11:26:43,92.0,92.0,
PLC - Height,2023/02/16 11:26:46,93.0,93.0,
PLC - Height,2023/02/16 11:26:49,94.0,94.0,
PLC - Height,2023/02/16 11:26:51,95.0,95.0,
PLC - Height,2023/02/16 11:26:54,96.0,96.0,
PLC - Height,2023/02/16 11:26:57,97.0,97.0,
PLC - Height,2023/02/16 11:26:59,98.0,98.0,
PLC - Height,2023/02/16 11:27:02,99.0,99.0,
PLC - Height,2023/02/16 11:27:05,100.0,100.0,
PLC - Height,2023/02/16 11:27:08,99.0,99.0,
PLC - Height,2023/02/16 11:27:11,98.0,98.0,
PLC - Height,2023/02/16 11:27:14,97.0,97.0,
PLC - Height,2023/02/16 11:27:17,96.0,96.0,
PLC - Height,2023/02/16 11:27:20,95.0,95.0,
PLC - Height,2023/02/16 11:27:24,94.0,94.0,
PLC - Height,2023/02/16 11:27:27,93.0,93.0,
PLC - Height,2023/02/16 11:27:31,92.0,92.0,
PLC - Height,2023/02/16 11:27:34,91.0,91.0,
PLC - Height,2023/02/16 11:27:38,90.0,90.0,
PLC - Height,2023/02/16 11:27:42,89.0,89.0,
PLC - Height,2023/02/16 11:27:45,88.0,88.0,
PLC - Height,2023/02/16 11:27:50,87.0,87.0,
PLC - Height,2023/02/16 11:27:54,86.0,86.0,
PLC - Height,2023/02/16 11:27:59,85.0,85.0,
PLC - Height,2023/02/16 11:28:03,84.0,84.0,
PLC - Height,2023/02/16 11:28:08,83.0,83.0,
PLC - Height,2023/02/16 11:28:12,82.0,82.0,
PLC - Height,2023/02/16 11:28:17,81.0,81.0,
PLC - Height,2023/02/16 11:28:21,80.0,80.0,
PLC - Height,2023/02/16 11:28:26,81.0,81.0,
PLC - Height,2023/02/16 11:28:30,82.0,82.0,
PLC - Height,2023/02/16 11:28:35,83.0,83.0,
PLC - Height,2023/02/16 11:28:39,84.0,84.0,
PLC - Height,2023/02/16 11:28:44,85.0,85.0,
PLC - Height,2023/02/16 11:28:48,86.0,86.0,
PLC - Height,2023/02/16 11:28:53,87.0,87.0,
PLC - Height,2023/02/16 11:28:57,88.0,88.0,
PLC - Height,2023/02/16 11:29:02,89.0,89.0,
PLC - Height,2023/02/16 11:29:06,90.0,90.0,
PLC - Height,2023/02/16 11:29:10,91.0,91.0,
PLC - Height,2023/02/16 11:29:14,92.0,92.0,
PLC - Height,2023/02/16 11:29:17,93.0,93.0,
PLC - Height,2023/02/16 11:29:21,94.0,94.0,
PLC - Height,2023/02/16 11:29:25,95.0,95.0,
PLC - Height,2023/02/16 11:29:29,96.0,96.0,
PLC - Height,2023/02/16 11:29:33,97.0,97.0,
PLC - Height,2023/02/16 11:29:36,98.0,98.0,
PLC - Height,2023/02/16 11:29:39,99.0,99.0,
PLC - Height,2023/02/16 11:29:42,100.0,100.0,
PLC - Height,2023/02/16 11:29:45,99.0,99.0,
PLC - Height,2023/02/16 11:29:48,98.0,98.0,
PLC - Height,2023/02/16 11:29:51,97.0,97.0,
PLC - Height,2023/02/16 11:29:54,96.0,96.0,
PLC - Height,2023/02/16 11:29:56,95.0,95.0,
PLC - Height,2023/02/16 11:29:59,94.0,94.0,
PLC - Height,2023/02/16 11:30:02,93.0,93.0,
PLC - Height,2023/02/16 11:30:04,92.0,92.0,
PLC - Height,2023/02/16 11:30:06,91.0,91.0,
PLC - Height,2023/02/16 11:30:09,90.0,90.0,
PLC - Height,2023/02/16 11:30:11,89.0,89.0,
PLC - Height,2023/02/16 11:30:13,88.0,88.0,
PLC - Height,2023/02/16 11:30:15,87.0,87.0,
PLC - Height,2023/02/16 11:30:17,86.0,86.0,
PLC - Height,2023/02/16 11:30:19,85.0,85.0,
PLC - Height,2023/02/16 11:30:21,84.0,84.0,
PLC - Height,2023/02/16 11:30:23,83.0,83.0,
PLC - Height,2023/02/16 11:30:25,82.0,82.0,
PLC - Height,2023/02/16 11:30:27,81.0,81.0,
PLC - Height,2023/02/16 11:30:28,80.0,80.0,
PLC - Height,2023/02/16 11:30:30,81.0,81.0,
PLC - Height,2023/02/16 11:30:32,82.0,82.0,
PLC - Height,2023/02/16 11:30:34,83.0,83.0,
PLC - Height,2023/02/16 11:30:36,84.0,84.0,
PLC - Height,2023/02/16 11:30:38,85.0,85.0,
PLC - Height,2023/02/16 11:30:40,86.0,86.0,
PLC - Height,2023/02/16 11:30:43,87.0,87.0,
PLC - Height,2023/02/16 11:30:45,88.0,88.0,
PLC - Height,2023/02/16 11:30:47,89.0,89.0,
PLC - Height,2023/02/16 11:30:50,90.0,90.0,
PLC - Height,2023/02/16 11:30:52,91.0,91.0,
PLC - Height,2023/02/16 11:30:55,92.0,92.0,
PLC - Height,2023/02/16 11:30:57,93.0,93.0,
PLC - Height,2023/02/16 11:31:00,94.0,94.0,
PLC - Height,2023/02/16 11:31:03,95.0,95.0,
PLC - Height,2023/02/16 11:31:06,96.0,96.0,
PLC - Height,2023/02/16 11:31:09,97.0,97.0,
PLC - Height,2023/02/16 11:31:12,98.0,98.0,
PLC - Height,2023/02/16 11:31:15,99.0,99.0,
PLC - Height,2023/02/16 11:31:18,100.0,100.0,
PLC - Height,2023/02/16 11:31:23,99.0,99.0,
PLC - Height,2023/02/16 11:31:26,98.0,98.0,
PLC - Height,2023/02/16 11:31:30,97.0,97.0,
PLC - Height,2023/02/16 11:31:33,96.0,96.0,
PLC - Height,2023/02/16 11:31:37,95.0,95.0,
PLC - Height,2023/02/16 11:31:41,94.0,94.0,
PLC - Height,2023/02/16 11:31:45,93.0,93.0,
PLC - Height,2023/02/16 11:31:49,92.0,92.0,
PLC - Height,2023/02/16 11:31:53,91.0,91.0,
PLC - Height,2023/02/16 11:31:57,90.0,90.0,
PLC - Height,2023/02/16 11:32:02,89.0,89.0,
PLC - Height,2023/02/16 11:32:06,88.0,88.0,
PLC - Height,2023/02/16 11:32:11,87.0,87.0,
PLC - Height,2023/02/16 11:32:15,86.0,86.0,
PLC - Height,2023/02/16 11:32:20,85.0,85.0,
PLC - Height,2023/02/16 11:32:24,84.0,84.0,
PLC - Height,2023/02/16 11:32:29,83.0,83.0,
PLC - Height,2023/02/16 11:32:32,82.0,82.0,
PLC - Height,2023/02/16 11:32:37,81.0,81.0,
PLC - Height,2023/02/16 11:32:41,80.0,80.0,
PLC - Height,2023/02/16 11:32:44,81.0,81.0,
PLC - Height,2023/02/16 11:32:48,82.0,82.0,
PLC - Height,2023/02/16 11:32:51,83.0,83.0,
PLC - Height,2023/02/16 11:32:55,84.0,84.0,
PLC - Height,2023/02/16 11:32:58,85.0,85.0,
PLC - Height,2023/02/16 11:33:01,86.0,86.0,
PLC - Height,2023/02/16 11:33:04,87.0,87.0,
PLC - Height,2023/02/16 11:33:07,88.0,88.0,
PLC - Height,2023/02/16 11:33:10,89.0,89.0,
PLC - Height,2023/02/16 11:33:13,90.0,90.0,
PLC - Height,2023/02/16 11:33:16,91.0,91.0,
PLC - Height,2023/02/16 11:33:18,92.0,92.0,
PLC - Height,2023/02/16 11:33:21,93.0,93.0,
PLC - Height,2023/02/16 11:33:23,94.0,94.0,
PLC - Height,2023/02/16 11:33:26,95.0,95.0,
PLC - Height,2023/02/16 11:33:28,96.0,96.0,
PLC - Height,2023/02/16 11:33:30,97.0,97.0,
PLC - Height,2023/02/16 11:33:32,98.0,98.0,
PLC - Height,2023/02/16 11:33:35,99.0,99.0,
PLC - Height,2023/02/16 11:33:37,100.0,100.0,
PLC - Height,2023/02/16 11:33:39,99.0,99.0,
PLC - Height,2023/02/16 11:33:41,98.0,98.0,
PLC - Height,2023/02/16 11:33:42,97.0,97.0,
PLC - Height,2023/02/16 11:33:44,96.0,96.0,
PLC - Height,2023/02/16 11:33:46,95.0,95.0,
PLC - Height,2023/02/16 11:33:48,94.0,94.0,
PLC - Height,2023/02/16 11:33:50,93.0,93.0,
PLC - Height,2023/02/16 11:33:51,92.0,92.0,
PLC - Height,2023/02/16 11:33:53,91.0,91.0,
PLC - Height,2023/02/16 11:33:55,90.0,90.0,
PLC - Height,2023/02/16 11:33:58,89.0,89.0,
PLC - Height,2023/02/16 11:34:00,88.0,88.0,
PLC - Height,2023/02/16 11:34:02,87.0,87.0,
PLC - Height,2023/02/16 11:34:04,86.0,86.0,
PLC - Height,2023/02/16 11:34:07,85.0,85.0,
PLC - Height,2023/02/16 11:34:09,84.0,84.0,
PLC - Height,2023/02/16 11:34:11,83.0,83.0,
PLC - Height,2023/02/16 11:34:14,82.0,82.0,
PLC - Height,2023/02/16 11:34:17,81.0,81.0,
PLC - Height,2023/02/16 11:34:19,80.0,80.0,
PLC - Height,2023/02/16 11:34:22,81.0,81.0,
PLC - Height,2023/02/16 11:34:25,82.0,82.0,
PLC - Height,2023/02/16 11:34:28,83.0,83.0,
PLC - Height,2023/02/16 11:34:31,84.0,84.0,
PLC - Height,2023/02/16 11:34:34,85.0,85.0,
PLC - Height,2023/02/16 11:34:37,86.0,86.0,
PLC - Height,2023/02/16 11:34:40,87.0,87.0,
PLC - Height,2023/02/16 11:34:44,88.0,88.0,
PLC - Height,2023/02/16 11:34:47,89.0,89.0,
PLC - Height,2023/02/16 11:34:51,90.0,90.0,
PLC - Height,2023/02/16 11:34:54,91.0,91.0,
PLC - Height,2023/02/16 11:34:58,92.0,92.0,
PLC - Height,2023/02/16 11:35:02,93.0,93.0,
PLC - Height,2023/02/16 11:35:06,94.0,94.0,
PLC - Height,2023/02/16 11:35:10,95.0,95.0,
PLC - Height,2023/02/16 11:35:14,96.0,96.0,
PLC - Height,2023/02/16 11:35:19,97.0,97.0,
PLC - Height,2023/02/16 11:35:23,98.0,98.0,
PLC - Height,2023/02/16 11:35:28,99.0,99.0,
PLC - Height,2023/02/16 11:35:32,100.0,100.0,
PLC - Height,2023/02/16 11:35:37,99.0,99.0,
PLC - Height,2023/02/16 11:35:41,98.0,98.0,
PLC - Height,2023/02/16 11:35:46,97.0,97.0,
PLC - Height,2023/02/16 11:35:49,96.0,96.0,
PLC - Height,2023/02/16 11:35:54,95.0,95.0,
PLC - Height,2023/02/16 11:35:57,94.0,94.0,
PLC - Height,2023/02/16 11:36:02,93.0,93.0,
PLC - Height,2023/02/16 11:36:05,92.0,92.0,
PLC - Height,2023/02/16 11:36:09,91.0,91.0,
PLC - Height,2023/02/16 11:36:13,90.0,90.0,
PLC - Height,2023/02/16 11:36:16,89.0,89.0,
PLC - Height,2023/02/16 11:36:19,88.0,88.0,
PLC - Height,2023/02/16 11:36:22,87.0,87.0,
PLC - Height,2023/02/16 11:36:25,86.0,86.0,
PLC - Height,2023/02/16 11:36:28,85.0,85.0,
PLC - Height,2023/02/16 11:36:31,84.0,84.0,
PLC - Height,2023/02/16 11:36:34,83.0,83.0,
PLC - Height,2023/02/16 11:36:37,82.0,82.0,
PLC - Height,2023/02/16 11:36:39,81.0,81.0,
PLC - Height,2023/02/16 11:36:42,80.0,80.0,
PLC - Height,2023/02/16 11:36:44,81.0,81.0,
PLC - Height,2023/02/16 11:36:47,82.0,82.0,
PLC - Height,2023/02/16 11:36:49,83.0,83.0,
PLC - Height,2023/02/16 11:36:51,84.0,84.0,
PLC - Height,2023/02/16 11:36:53,85.0,85.0,
PLC - Height,2023/02/16 11:36:55,86.0,86.0,
PLC - Height,2023/02/16 11:36:57,87.0,87.0,
PLC - Height,2023/02/16 11:36:59,88.0,88.0,
PLC - Height,2023/02/16 11:37:01,89.0,89.0,
PLC - Height,2023/02/16 11:37:03,90.0,90.0,
PLC - Height,2023/02/16 11:37:05,91.0,91.0,
PLC - Height,2023/02/16 11:37:07,92.0,92.0,
PLC - Height,2023/02/16 11:37:08,93.0,93.0,
PLC - Height,2023/02/16 11:37:10,94.0,94.0,
PLC - Height,2023/02/16 11:37:11,95.0,95.0,
PLC - Height,2023/02/16 11:37:13,96.0,96.0,
PLC - Height,2023/02/16 11:37:14,97.0,97.0,
PLC - Height,2023/02/16 11:37:16,98.0,98.0,
PLC - Height,2023/02/16 11:37:18,99.0,99.0,
PLC - Height,2023/02/16 11:37:19,100.0,100.0,
PLC - Height,2023/02/16 11:37:21,99.0,99.0,
PLC - Height,2023/02/16 11:37:22,98.0,98.0,
PLC - Height,2023/02/16 11:37:24,97.0,97.0,
PLC - Height,2023/02/16 11:37:25,96.0,96.0,
PLC - Height,2023/02/16 11:37:27,95.0,95.0,
PLC - Height,2023/02/16 11:37:29,94.0,94.0,
PLC - Height,2023/02/16 11:37:30,93.0,93.0,
PLC - Height,2023/02/16 11:37:32,92.0,92.0,
PLC - Height,2023/02/16 11:37:34,91.0,91.0,
PLC - Height,2023/02/16 11:37:36,90.0,90.0,
PLC - Height,2023/02/16 11:37:38,89.0,89.0,
PLC - Height,2023/02/16 11:37:40,88.0,88.0,
PLC - Height,2023/02/16 11:37:42,87.0,87.0,
PLC - Height,2023/02/16 11:37:44,86.0,86.0,
PLC - Height,2023/02/16 11:37:46,85.0,85.0,
PLC - Height,2023/02/16 11:37:49,84.0,84.0,
PLC - Height,2023/02/16 11:37:51,83.0,83.0,
PLC - Height,2023/02/16 11:37:53,82.0,82.0,
PLC - Height,2023/02/16 11:37:56,81.0,81.0,
PLC - Height,2023/02/16 11:37:58,80.0,80.0,
PLC - Height,2023/02/16 11:38:01,81.0,81.0,
PLC - Height,2023/02/16 11:38:04,82.0,82.0,
PLC - Height,2023/02/16 11:38:06,83.0,83.0,
PLC - Height,2023/02/16 11:38:09,84.0,84.0,
PLC - Height,2023/02/16 11:38:12,85.0,85.0,
PLC - Height,2023/02/16 11:38:15,86.0,86.0,
PLC - Height,2023/02/16 11:38:18,87.0,87.0,
PLC - Height,2023/02/16 11:38:22,88.0,88.0,
PLC - Height,2023/02/16 11:38:25,89.0,89.0,
PLC - Height,2023/02/16 11:38:28,90.0,90.0,
PLC - Height,2023/02/16 11:38:32,91.0,91.0,
PLC - Height,2023/02/16 11:38:35,92.0,92.0,
PLC - Height,2023/02/16 11:38:39,93.0,93.0,
PLC - Height,2023/02/16 11:38:43,94.0,94.0,
PLC - Height,2023/02/16 11:38:46,95.0,95.0,
PLC - Height,2023/02/16 11:38:51,96.0,96.0,
PLC - Height,2023/02/16 11:38:55,97.0,97.0,
PLC - Height,2023/02/16 11:38:59,98.0,98.0,
PLC - Height,2023/02/16 11:39:03,99.0,99.0,
PLC - Height,2023/02/16 11:39:08,100.0,100.0,
PLC - Height,2023/02/16 11:39:12,99.0,99.0,
PLC - Height,2023/02/16 11:39:16,98.0,98.0,
PLC - Height,2023/02/16 11:39:21,97.0,97.0,
PLC - Height,2023/02/16 11:39:26,96.0,96.0,
PLC - Height,2023/02/16 11:39:30,95.0,95.0,
PLC - Height,2023/02/16 11:39:35,94.0,94.0,
PLC - Height,2023/02/16 11:39:39,93.0,93.0,
PLC - Height,2023/02/16 11:39:44,92.0,92.0,
PLC - Height,2023/02/16 11:39:48,91.0,91.0,
PLC - Height,2023/02/16 11:39:53,90.0,90.0,
PLC - Height,2023/02/16 11:39:57,89.0,89.0,
PLC - Height,2023/02/16 11:40:01,88.0,88.0,
PLC - Height,2023/02/16 11:40:06,87.0,87.0,
PLC - Height,2023/02/16 11:40:11,86.0,86.0,
PLC - Height,2023/02/16 11:40:15,85.0,85.0,
PLC - Height,2023/02/16 11:40:20,84.0,84.0,
PLC - Height,2023/02/16 11:40:24,83.0,83.0,
PLC - Height,2023/02/16 11:40:29,82.0,82.0,
PLC - Height,2023/02/16 11:40:33,81.0,81.0,
PLC - Height,2023/02/16 11:40:37,80.0,80.0,
PLC - Height,2023/02/16 11:40:42,81.0,81.0,
PLC - Height,2023/02/16 11:40:46,82.0,82.0,
PLC - Height,2023/02/16 11:40:50,83.0,83.0,
PLC - Height,2023/02/16 11:40:53,84.0,84.0,
PLC - Height,2023/02/16 11:40:57,85.0,85.0,
PLC - Height,2023/02/16 11:41:01,86.0,86.0,
PLC - Height,2023/02/16 11:41:04,87.0,87.0,
PLC - Height,2023/02/16 11:41:07,88.0,88.0,
PLC - Height,2023/02/16 11:41:10,89.0,89.0,
PLC - Height,2023/02/16 11:41:14,90.0,90.0,
PLC - Height,2023/02/16 11:41:17,91.0,91.0,
PLC - Height,2023/02/16 11:41:20,92.0,92.0,
PLC - Height,2023/02/16 11:41:22,93.0,93.0,
PLC - Height,2023/02/16 11:41:25,94.0,94.0,
PLC - Height,2023/02/16 11:41:28,95.0,95.0,
PLC - Height,2023/02/16 11:41:31,96.0,96.0,
PLC - Height,2023/02/16 11:41:33,97.0,97.0,
PLC - Height,2023/02/16 11:41:35,98.0,98.0,
PLC - Height,2023/02/16 11:41:38,99.0,99.0,
PLC - Height,2023/02/16 11:41:40,100.0,100.0,
PLC - Height,2023/02/16 11:41:42,99.0,99.0,
PLC - Height,2023/02/16 11:41:44,98.0,98.0,
PLC - Height,2023/02/16 11:41:47,97.0,97.0,
PLC - Height,2023/02/16 11:41:48,96.0,96.0,
PLC - Height,2023/02/16 11:41:50,95.0,95.0,
PLC - Height,2023/02/16 11:41:52,94.0,94.0,
PLC - Height,2023/02/16 11:41:55,93.0,93.0,
PLC - Height,2023/02/16 11:41:58,92.0,92.0,
PLC - Height,2023/02/16 11:42:01,91.0,91.0,
PLC - Height,2023/02/16 11:42:04,90.0,90.0,
PLC - Height,2023/02/16 11:42:07,89.0,89.0,
PLC - Height,2023/02/16 11:42:10,88.0,88.0,
PLC - Height,2023/02/16 11:42:13,87.0,87.0,
PLC - Height,2023/02/16 11:42:16,86.0,86.0,
PLC - Height,2023/02/16 11:42:19,85.0,85.0,
PLC - Height,2023/02/16 11:42:22,84.0,84.0,
PLC - Height,2023/02/16 11:42:25,83.0,83.0,
PLC - Height,2023/02/16 11:42:28,82.0,82.0,
PLC - Height,2023/02/16 11:42:31,81.0,81.0,
PLC - Height,2023/02/16 11:42:34,80.0,80.0,
PLC - Height,2023/02/16 11:42:37,81.0,81.0,
PLC - Height,2023/02/16 11:42:40,82.0,82.0,
PLC - Height,2023/02/16 11:42:43,83.0,83.0,
PLC - Height,2023/02/16 11:42:46,84.0,84.0,
PLC - Height,2023/02/16 11:42:49,85.0,85.0,
PLC - Height,2023/02/16 11:42:52,86.0,86.0,
PLC - Height,2023/02/16 11:42:55,87.0,87.0,
PLC - Height,2023/02/16 11:42:58,88.0,88.0,
PLC - Height,2023/02/16 11:43:01,89.0,89.0,
PLC - Height,2023/02/16 11:43:04,90.0,90.0,
PLC - Height,2023/02/16 11:43:07,91.0,91.0,
PLC - Height,2023/02/16 11:43:10,92.0,92.0,
PLC - Height,2023/02/16 11:43:13,93.0,93.0,
PLC - Height,2023/02/16 11:43:16,94.0,94.0,
PLC - Height,2023/02/16 11:43:19,95.0,95.0,
PLC - Height,2023/02/16 11:43:22,96.0,96.0,
PLC - Height,2023/02/16 11:43:25,97.0,97.0,
PLC - Height,2023/02/16 11:43:28,98.0,98.0,
PLC - Height,2023/02/16 11:43:31,99.0,99.0,
PLC - Height,2023/02/16 11:43:34,100.0,100.0,
PLC - Height,2023/02/16 11:43:36,99.0,99.0,
PLC - Height,2023/02/16 11:43:39,98.0,98.0,
PLC - Height,2023/02/16 11:43:42,97.0,97.0,
PLC - Height,2023/02/16 11:43:46,96.0,96.0,
PLC - Height,2023/02/16 11:43:49,95.0,95.0,
PLC - Height,2023/02/16 11:43:52,94.0,94.0,
PLC - Height,2023/02/16 11:43:55,93.0,93.0,
PLC - Height,2023/02/16 11:43:58,92.0,92.0,
PLC - Height,2023/02/16 11:44:01,91.0,91.0,
PLC - Height,2023/02/16 11:44:04,90.0,90.0,
PLC - Height,2023/02/16 11:44:07,89.0,89.0,
PLC - Height,2023/02/16 11:44:10,88.0,88.0,
PLC - Height,2023/02/16 11:44:13,87.0,87.0,
PLC - Height,2023/02/16 11:44:16,86.0,86.0,
PLC - Height,2023/02/16 11:44:19,85.0,85.0,
PLC - Height,2023/02/16 11:44:22,84.0,84.0,
PLC - Height,2023/02/16 11:44:25,83.0,83.0,
PLC - Height,2023/02/16 11:44:28,82.0,82.0,
PLC - Height,2023/02/16 11:44:31,81.0,81.0,
PLC - Height,2023/02/16 11:44:34,80.0,80.0,
PLC - Height,2023/02/16 11:44:37,81.0,81.0,
PLC - Height,2023/02/16 11:44:40,82.0,82.0,
PLC - Height,2023/02/16 11:44:42,83.0,83.0,
PLC - Height,2023/02/16 11:44:45,84.0,84.0,
PLC - Height,2023/02/16 11:44:48,85.0,85.0,
PLC - Height,2023/02/16 11:44:51,86.0,86.0,
PLC - Height,2023/02/16 11:44:55,87.0,87.0,
PLC - Height,2023/02/16 11:44:58,88.0,88.0,
PLC - Height,2023/02/16 11:45:01,89.0,89.0,
PLC - Height,2023/02/16 11:45:04,90.0,90.0,
PLC - Height,2023/02/16 11:45:07,91.0,91.0,
PLC - Height,2023/02/16 11:45:10,92.0,92.0,
PLC - Height,2023/02/16 11:45:13,93.0,93.0,
PLC - Height,2023/02/16 11:45:17,94.0,94.0,
PLC - Height,2023/02/16 11:45:20,95.0,95.0,
PLC - Height,2023/02/16 11:45:23,96.0,96.0,
PLC - Height,2023/02/16 11:45:26,97.0,97.0,
PLC - Height,2023/02/16 11:45:29,98.0,98.0,
PLC - Height,2023/02/16 11:45:32,99.0,99.0,
PLC - Height,2023/02/16 11:45:35,100.0,100.0,
PLC - Height,2023/02/16 11:45:38,99.0,99.0,
PLC - Height,2023/02/16 11:45:41,98.0,98.0,
PLC - Height,2023/02/16 11:45:45,97.0,97.0,
PLC - Height,2023/02/16 11:45:48,96.0,96.0,
PLC - Height,2023/02/16 11:45:51,95.0,95.0,
PLC - Height,2023/02/16 11:45:55,94.0,94.0,
PLC - Height,2023/02/16 11:46:06,91.0,91.0,
PLC - Height,2023/02/16 11:46:07,90.0,90.0,
PLC - Height,2023/02/16 11:46:10,89.0,89.0,
PLC - Height,2023/02/16 11:46:13,88.0,88.0,
PLC - Height,2023/02/16 11:46:16,87.0,87.0,
PLC - Height,2023/02/16 11:46:19,86.0,86.0,
PLC - Height,2023/02/16 11:46:23,85.0,85.0,
PLC - Height,2023/02/16 11:46:26,84.0,84.0,
PLC - Height,2023/02/16 11:46:30,83.0,83.0,
PLC - Height,2023/02/16 11:46:35,82.0,82.0,
PLC - Height,2023/02/16 11:46:39,81.0,81.0,
PLC - Height,2023/02/16 11:46:43,80.0,80.0,
PLC - Height,2023/02/16 11:46:46,81.0,81.0,
PLC - Height,2023/02/16 11:46:50,82.0,82.0,
PLC - Height,2023/02/16 11:46:53,83.0,83.0,
PLC - Height,2023/02/16 11:46:57,84.0,84.0,
PLC - Height,2023/02/16 11:47:00,85.0,85.0,
PLC - Height,2023/02/16 11:47:03,86.0,86.0,
PLC - Height,2023/02/16 11:47:06,87.0,87.0,
PLC - Height,2023/02/16 11:47:09,88.0,88.0,
PLC - Height,2023/02/16 11:47:12,89.0,89.0,
PLC - Height,2023/02/16 11:47:15,90.0,90.0,
PLC - Height,2023/02/16 11:47:17,91.0,91.0,
PLC - Height,2023/02/16 11:47:20,92.0,92.0,
PLC - Height,2023/02/16 11:47:22,93.0,93.0,
PLC - Height,2023/02/16 11:47:25,94.0,94.0,
PLC - Height,2023/02/16 11:47:27,95.0,95.0,
PLC - Height,2023/02/16 11:47:29,96.0,96.0,
PLC - Height,2023/02/16 11:47:32,97.0,97.0,
PLC - Height,2023/02/16 11:47:34,98.0,98.0,
PLC - Height,2023/02/16 11:47:37,99.0,99.0,
PLC - Height,2023/02/16 11:47:39,100.0,100.0,
PLC - Height,2023/02/16 11:47:42,98.0,98.0,
PLC - Height,2023/02/16 11:47:43,99.0,99.0,
PLC - Height,2023/02/16 11:47:45,97.0,97.0,
PLC - Height,2023/02/16 11:47:46,98.0,98.0,
PLC - Height,2023/02/16 11:47:48,97.0,97.0,
PLC - Height,2023/02/16 11:47:50,95.0,95.0,
PLC - Height,2023/02/16 11:47:51,96.0,96.0,
PLC - Height,2023/02/16 11:47:53,94.0,94.0,
PLC - Height,2023/02/16 11:47:54,95.0,95.0,
PLC - Height,2023/02/16 11:47:57,93.0,93.0,
PLC - Height,2023/02/16 11:47:58,94.0,94.0,
PLC - Height,2023/02/16 11:48:00,92.0,92.0,
PLC - Height,2023/02/16 11:48:01,93.0,93.0,
PLC - Height,2023/02/16 11:48:03,91.0,91.0,
PLC - Height,2023/02/16 11:48:04,92.0,92.0,
PLC - Height,2023/02/16 11:48:06,90.0,90.0,
PLC - Height,2023/02/16 11:48:08,91.0,91.0,
PLC - Height,2023/02/16 11:48:10,89.0,89.0,
PLC - Height,2023/02/16 11:48:12,90.0,90.0,
PLC - Height,2023/02/16 11:48:13,88.0,88.0,
PLC - Height,2023/02/16 11:48:16,89.0,89.0,
PLC - Height,2023/02/16 11:48:17,87.0,87.0,
PLC - Height,2023/02/16 11:48:19,88.0,88.0,
PLC - Height,2023/02/16 11:48:21,86.0,86.0,
PLC - Height,2023/02/16 11:48:23,87.0,87.0,
PLC - Height,2023/02/16 11:48:24,85.0,85.0,
PLC - Height,2023/02/16 11:48:27,86.0,86.0,
PLC - Height,2023/02/16 11:48:29,84.0,84.0,
PLC - Height,2023/02/16 11:48:32,85.0,85.0,
PLC - Height,2023/02/16 11:48:33,83.0,83.0,
PLC - Height,2023/02/16 11:48:35,84.0,84.0,
PLC - Height,2023/02/16 11:48:36,82.0,82.0,
PLC - Height,2023/02/16 11:48:38,83.0,83.0,
PLC - Height,2023/02/16 11:48:39,81.0,81.0,
PLC - Height,2023/02/16 11:48:41,82.0,82.0,
PLC - Height,2023/02/16 11:48:42,80.0,80.0,
PLC - Height,2023/02/16 11:48:44,81.0,81.0,
PLC - Height,2023/02/16 11:48:47,82.0,82.0,
PLC - Height,2023/02/16 11:48:50,83.0,83.0,
PLC - Height,2023/02/16 11:48:52,84.0,84.0,
PLC - Height,2023/02/16 11:48:55,85.0,85.0,
PLC - Height,2023/02/16 11:48:57,86.0,86.0,
PLC - Height,2023/02/16 11:49:00,87.0,87.0,
PLC - Height,2023/02/16 11:49:02,88.0,88.0,
PLC - Height,2023/02/16 11:49:05,89.0,89.0,
PLC - Height,2023/02/16 11:49:07,90.0,90.0,
PLC - Height,2023/02/16 11:49:10,91.0,91.0,
PLC - Height,2023/02/16 11:49:13,92.0,92.0,
PLC - Height,2023/02/16 11:49:16,93.0,93.0,
PLC - Height,2023/02/16 11:49:19,94.0,94.0,
PLC - Height,2023/02/16 11:49:22,95.0,95.0,
PLC - Height,2023/02/16 11:49:25,96.0,96.0,
PLC - Height,2023/02/16 11:49:28,97.0,97.0,
PLC - Height,2023/02/16 11:49:32,98.0,98.0,
PLC - Height,2023/02/16 11:49:35,99.0,99.0,
PLC - Height,2023/02/16 11:49:49,97.0,97.0,
PLC - Height,2023/02/16 11:49:58,94.0,94.0,
PLC - Height,2023/02/16 11:50:14,89.0,89.0,
PLC - Height,2023/02/16 11:50:15,88.0,88.0,
PLC - Height,2023/02/16 11:50:18,87.0,87.0,
PLC - Height,2023/02/16 11:50:21,86.0,86.0,
PLC - Height,2023/02/16 11:50:28,83.0,83.0,
PLC - Height,2023/02/16 11:50:33,82.0,82.0,
PLC - Height,2023/02/16 11:50:37,81.0,81.0,
PLC - Height,2023/02/16 11:50:40,80.0,80.0,
PLC - Height,2023/02/16 11:50:44,82.0,82.0,
PLC - Height,2023/02/16 11:50:45,81.0,81.0,
PLC - Height,2023/02/16 11:50:47,83.0,83.0,
PLC - Height,2023/02/16 11:50:49,82.0,82.0,
PLC - Height,2023/02/16 11:50:51,84.0,84.0,
PLC - Height,2023/02/16 11:50:53,83.0,83.0,
PLC - Height,2023/02/16 11:50:55,85.0,85.0,
PLC - Height,2023/02/16 11:50:56,84.0,84.0,
PLC - Height,2023/02/16 11:50:58,86.0,86.0,
PLC - Height,2023/02/16 11:50:59,85.0,85.0,
PLC - Height,2023/02/16 11:51:00,87.0,87.0,
PLC - Height,2023/02/16 11:51:01,86.0,86.0,
PLC - Height,2023/02/16 11:51:03,88.0,88.0,
PLC - Height,2023/02/16 11:51:04,87.0,87.0,
PLC - Height,2023/02/16 11:51:07,88.0,88.0,
PLC - Height,2023/02/16 11:51:10,89.0,89.0,
PLC - Height,2023/02/16 11:51:14,90.0,90.0,
PLC - Height,2023/02/16 11:51:17,91.0,91.0,
PLC - Height,2023/02/16 11:51:20,92.0,92.0,
PLC - Height,2023/02/16 11:51:23,93.0,93.0,
PLC - Height,2023/02/16 11:51:26,94.0,94.0,
PLC - Height,2023/02/16 11:51:29,95.0,95.0,
PLC - Height,2023/02/16 11:51:32,96.0,96.0,
PLC - Height,2023/02/16 11:51:36,97.0,97.0,
PLC - Height,2023/02/16 11:51:39,98.0,98.0,
PLC - Height,2023/02/16 11:51:42,99.0,99.0,
PLC - Height,2023/02/16 11:51:45,100.0,100.0,
PLC - Height,2023/02/16 11:51:47,101.0,101.0,
PLC - Height,2023/02/16 11:51:51,102.0,102.0,
PLC - Height,2023/02/16 11:51:53,103.0,103.0,
PLC - Height,2023/02/16 11:51:57,104.0,104.0,
PLC - Height,2023/02/16 11:51:59,105.0,105.0,
PLC - Height,2023/02/16 11:52:01,103.0,103.0,
PLC - Height,2023/02/16 11:52:03,102.0,102.0,
PLC - Height,2023/02/16 11:52:05,103.0,103.0,
PLC - Height,2023/02/16 11:52:08,101.0,101.0,
PLC - Height,2023/02/16 11:52:09,102.0,102.0,
PLC - Height,2023/02/16 11:52:11,100.0,100.0,
PLC - Height,2023/02/16 11:52:12,101.0,101.0,
PLC - Height,2023/02/16 11:52:14,99.0,99.0,
PLC - Height,2023/02/16 11:52:15,98.0,98.0,
PLC - Height,2023/02/16 11:52:18,99.0,99.0,
PLC - Height,2023/02/16 11:52:19,97.0,97.0,
PLC - Height,2023/02/16 11:52:20,98.0,98.0,
PLC - Height,2023/02/16 11:52:22,96.0,96.0,
PLC - Height,2023/02/16 11:52:23,97.0,97.0,
PLC - Height,2023/02/16 11:52:24,96.0,96.0,
PLC - Height,2023/02/16 11:52:27,94.0,94.0,
PLC - Height,2023/02/16 11:52:28,95.0,95.0,
PLC - Height,2023/02/16 11:52:29,93.0,93.0,
PLC - Height,2023/02/16 11:52:30,94.0,94.0,
PLC - Height,2023/02/16 11:52:32,93.0,93.0,
PLC - Height,2023/02/16 11:52:34,91.0,91.0,
PLC - Height,2023/02/16 11:52:35,92.0,92.0,
PLC - Height,2023/02/16 11:52:36,90.0,90.0,
PLC - Height,2023/02/16 11:52:37,91.0,91.0,
PLC - Height,2023/02/16 11:52:38,90.0,90.0,
PLC - Height,2023/02/16 11:52:40,89.0,89.0,
PLC - Height,2023/02/16 11:52:42,87.0,87.0,
PLC - Height,2023/02/16 11:52:43,88.0,88.0,
PLC - Height,2023/02/16 11:52:44,86.0,86.0,
PLC - Height,2023/02/16 11:52:45,87.0,87.0,
PLC - Height,2023/02/16 11:52:46,86.0,86.0,
PLC - Height,2023/02/16 11:52:47,84.0,84.0,
PLC - Height,2023/02/16 11:52:48,85.0,85.0,
PLC - Height,2023/02/16 11:52:49,83.0,83.0,
PLC - Height,2023/02/16 11:52:50,84.0,84.0,
PLC - Height,2023/02/16 11:52:51,83.0,83.0,
PLC - Height,2023/02/16 11:52:53,82.0,82.0,
PLC - Height,2023/02/16 11:52:54,80.0,80.0,
PLC - Height,2023/02/16 11:52:55,81.0,81.0,
PLC - Height,2023/02/16 11:52:56,83.0,83.0,
PLC - Height,2023/02/16 11:52:57,82.0,82.0,
PLC - Height,2023/02/16 11:52:58,83.0,83.0,
PLC - Height,2023/02/16 11:53:00,84.0,84.0,
PLC - Height,2023/02/16 11:53:02,85.0,85.0,
PLC - Height,2023/02/16 11:53:04,86.0,86.0,
PLC - Height,2023/02/16 11:53:06,87.0,87.0,
PLC - Height,2023/02/16 11:53:08,88.0,88.0,
PLC - Height,2023/02/16 11:53:09,89.0,89.0,
PLC - Height,2023/02/16 11:53:11,90.0,90.0,
PLC - Height,2023/02/16 11:53:14,91.0,91.0,
PLC - Height,2023/02/16 11:53:17,92.0,92.0,
PLC - Height,2023/02/16 11:53:19,93.0,93.0,
PLC - Height,2023/02/16 11:53:21,94.0,94.0,
PLC - Height,2023/02/16 11:53:24,95.0,95.0,
PLC - Height,2023/02/16 11:53:26,96.0,96.0,
PLC - Height,2023/02/16 11:53:29,97.0,97.0,
PLC - Height,2023/02/16 11:53:32,98.0,98.0,
PLC - Height,2023/02/16 11:53:35,99.0,99.0,
PLC - Height,2023/02/16 11:53:37,100.0,100.0,
PLC - Height,2023/02/16 11:53:40,101.0,101.0,
PLC - Height,2023/02/16 11:53:43,102.0,102.0,
PLC - Height,2023/02/16 11:53:46,103.0,103.0,
PLC - Height,2023/02/16 11:53:50,104.0,104.0,
PLC - Height,2023/02/16 11:53:53,105.0,105.0,
PLC - Height,2023/02/16 11:53:56,106.0,106.0,
PLC - Height,2023/02/16 11:54:00,107.0,107.0,
PLC - Height,2023/02/16 11:54:03,108.0,108.0,
PLC - Height,2023/02/16 11:54:07,109.0,109.0,
PLC - Height,2023/02/16 11:54:11,110.0,110.0,
PLC - Height,2023/02/16 11:54:14,111.0,111.0,
PLC - Height,2023/02/16 11:54:19,112.0,112.0,
PLC - Height,2023/02/16 11:54:23,113.0,113.0,
PLC - Height,2023/02/16 11:54:27,114.0,114.0,
PLC - Height,2023/02/16 11:54:31,115.0,115.0,
PLC - Height,2023/02/16 11:54:36,116.0,116.0,
PLC - Height,2023/02/16 11:54:41,117.0,117.0,
PLC - Height,2023/02/16 11:54:45,118.0,118.0,
PLC - Height,2023/02/16 11:54:49,119.0,119.0,
PLC - Height,2023/02/16 11:54:54,120.0,120.0,
PLC - Height,2023/02/16 11:54:57,121.0,121.0,
PLC - Height,2023/02/16 11:55:03,122.0,122.0,
PLC - Height,2023/02/16 11:55:06,123.0,123.0,
PLC - Height,2023/02/16 11:55:12,124.0,124.0,
PLC - Height,2023/02/16 11:55:19,127.0,127.0,
PLC - Height,2023/02/16 11:55:31,128.0,128.0,
PLC - Height,2023/02/16 11:55:33,129.0,129.0,
PLC - Height,2023/02/16 11:55:37,130.0,130.0,
PLC - Height,2023/02/16 11:55:42,131.0,131.0,
PLC - Height,2023/02/16 11:55:46,133.0,133.0,
PLC - Height,2023/02/16 11:55:53,134.0,134.0,
PLC - Height,2023/02/16 11:55:58,135.0,135.0,
PLC - Height,2023/02/16 11:55:59,136.0,136.0,
PLC - Height,2023/02/16 11:56:04,137.0,137.0,
PLC - Height,2023/02/16 11:56:06,138.0,138.0,
PLC - Height,2023/02/16 11:56:10,139.0,139.0,
PLC - Height,2023/02/16 11:56:12,140.0,140.0,
PLC - Height,2023/02/16 11:56:15,141.0,141.0,
PLC - Height,2023/02/16 11:56:19,142.0,142.0,
PLC - Height,2023/02/16 11:56:21,143.0,143.0,
PLC - Height,2023/02/16 11:56:24,144.0,144.0,
PLC - Height,2023/02/16 11:56:27,145.0,145.0,
PLC - Height,2023/02/16 11:56:29,146.0,146.0,
PLC - Height,2023/02/16 11:56:31,147.0,147.0,
PLC - Height,2023/02/16 11:56:34,148.0,148.0,
PLC - Height,2023/02/16 11:56:36,149.0,149.0,
PLC - Height,2023/02/16 11:56:38,150.0,150.0,
PLC - Height,2023/02/16 11:56:40,151.0,151.0,
PLC - Height,2023/02/16 11:56:43,152.0,152.0,
PLC - Height,2023/02/16 11:56:45,153.0,153.0,
PLC - Height,2023/02/16 11:56:46,154.0,154.0,
PLC - Height,2023/02/16 11:56:48,155.0,155.0,
PLC - Height,2023/02/16 11:56:50,156.0,156.0,
PLC - Height,2023/02/16 11:56:52,157.0,157.0,
PLC - Height,2023/02/16 11:56:54,158.0,158.0,
PLC - Height,2023/02/16 11:56:55,159.0,159.0,
PLC - Height,2023/02/16 11:56:57,160.0,160.0,
PLC - Height,2023/02/16 11:56:58,161.0,161.0,
PLC - Height,2023/02/16 11:57:00,162.0,162.0,
PLC - Height,2023/02/16 11:57:01,163.0,163.0,
PLC - Height,2023/02/16 11:57:03,164.0,164.0,
PLC - Height,2023/02/16 11:57:05,165.0,165.0,
PLC - Height,2023/02/16 11:57:06,166.0,166.0,
PLC - Height,2023/02/16 11:57:07,167.0,167.0,
PLC - Height,2023/02/16 11:57:09,168.0,168.0,
PLC - Height,2023/02/16 11:57:11,169.0,169.0,
PLC - Height,2023/02/16 11:57:13,170.0,170.0,
PLC - Height,2023/02/16 11:57:15,171.0,171.0,
PLC - Height,2023/02/16 11:57:17,172.0,172.0,
PLC - Height,2023/02/16 11:57:19,173.0,173.0,
PLC - Height,2023/02/16 11:57:21,174.0,174.0,
PLC - Height,2023/02/16 11:57:23,175.0,175.0,
PLC - Height,2023/02/16 11:57:25,176.0,176.0,
PLC - Height,2023/02/16 11:57:27,177.0,177.0,
PLC - Height,2023/02/16 11:57:29,178.0,178.0,
PLC - Height,2023/02/16 11:57:32,179.0,179.0,
PLC - Height,2023/02/16 11:57:34,180.0,180.0,
PLC - Height,2023/02/16 11:57:36,181.0,181.0,
PLC - Height,2023/02/16 11:57:39,182.0,182.0,
PLC - Height,2023/02/16 11:57:42,183.0,183.0,
PLC - Height,2023/02/16 11:57:44,184.0,184.0,
PLC - Height,2023/02/16 11:57:47,185.0,185.0,
PLC - Height,2023/02/16 11:57:50,186.0,186.0,
PLC - Height,2023/02/16 11:57:53,187.0,187.0,
PLC - Height,2023/02/16 11:57:56,188.0,188.0,
PLC - Height,2023/02/16 11:57:59,189.0,189.0,
PLC - Height,2023/02/16 11:58:02,190.0,190.0,
PLC - Height,2023/02/16 11:58:05,191.0,191.0,
PLC - Height,2023/02/16 11:58:08,192.0,192.0,
PLC - Height,2023/02/16 11:58:12,193.0,193.0,
PLC - Height,2023/02/16 11:58:15,194.0,194.0,
PLC - Height,2023/02/16 11:58:19,195.0,195.0,
PLC - Height,2023/02/16 11:58:23,196.0,196.0,
PLC - Height,2023/02/16 11:58:27,197.0,197.0,
PLC - Height,2023/02/16 11:58:31,198.0,198.0,
PLC - Height,2023/02/16 11:58:35,199.0,199.0,
PLC - Height,2023/02/16 11:58:39,200.0,200.0,
PLC - Height,2023/02/16 11:58:43,201.0,201.0,
PLC - Height,2023/02/16 11:58:46,202.0,202.0,
PLC - Height,2023/02/16 11:58:52,203.0,203.0,
PLC - Height,2023/02/16 11:58:57,204.0,204.0,
PLC - Height,2023/02/16 11:59:01,205.0,205.0,
PLC - Height,2023/02/16 11:59:06,206.0,206.0,
PLC - Height,2023/02/16 11:59:10,207.0,207.0,
PLC - Height,2023/02/16 11:59:15,208.0,208.0,
PLC - Height,2023/02/16 11:59:19,209.0,209.0,
PLC - Height,2023/02/16 11:59:24,210.0,210.0,
PLC - Height,2023/02/16 11:59:28,211.0,211.0,
PLC - Height,2023/02/16 11:59:33,212.0,212.0,
PLC - Height,2023/02/16 11:59:37,213.0,213.0,
PLC - Height,2023/02/16 11:59:42,214.0,214.0,
PLC - Height,2023/02/16 11:59:46,215.0,215.0,
PLC - Height,2023/02/16 11:59:51,216.0,216.0,
PLC - Height,2023/02/16 11:59:55,217.0,217.0,
PLC - Height,2023/02/16 11:59:59,218.0,218.0,
